{
  "2004-08-13": {
    "5:30": 86.87472,
    "next_day_5:30": 99.23456
  }
}
